Trade #,Type,Date and time,Price,Qty,Net PnL,Net PnL %,Favorable excursion USD,Adverse excursion USD,Cumulative PnL
179,Exit long,2026-04-30 00:00,2251.760000,1,6.810000,0.3033,18.800000,-26.120000,-847.500000
179,Entry long,2026-04-29 18:00,2244.950000,1,6.810000,0.3033,18.800000,-26.120000,-847.500000
178,Exit long,2026-04-28 02:30,2280.380000,1,-0.280000,-0.0123,29.070000,-16.780000,-854.310000
178,Entry long,2026-04-27 15:15,2280.660000,1,-0.280000,-0.0123,29.070000,-16.780000,-854.310000
177,Exit long,2026-04-23 17:00,2317.400000,1,-39.680000,-1.6834,24.770000,-53.180000,-854.030000
177,Entry long,2026-04-23 00:15,2357.080000,1,-39.680000,-1.6834,24.770000,-53.180000,-854.030000
176,Exit long,2026-04-20 05:00,2272.100000,1,-9.000000,-0.3945,11.810000,-30.190000,-814.350000
176,Entry long,2026-04-19 20:30,2281.100000,1,-9.000000,-0.3945,11.810000,-30.190000,-814.350000
175,Exit long,2026-04-17 01:15,2332.310000,1,31.450000,1.3669,62.810000,-18.160000,-805.350000
175,Entry long,2026-04-16 13:45,2300.860000,1,31.450000,1.3669,62.810000,-18.160000,-805.350000
174,Exit long,2026-04-15 03:00,2321.750000,1,-18.990000,-0.8113,30.150000,-39.140000,-836.800000
174,Entry long,2026-04-14 15:00,2340.740000,1,-18.990000,-0.8113,30.150000,-39.140000,-836.800000
173,Exit long,2026-04-12 22:45,2198.360000,1,1.910000,0.0870,21.250000,-23.450000,-817.810000
173,Entry long,2026-04-12 10:45,2196.450000,1,1.910000,0.0870,21.250000,-23.450000,-817.810000
172,Exit long,2026-04-07 10:45,2088.290000,1,-17.880000,-0.8489,26.790000,-21.070000,-819.720000
172,Entry long,2026-04-06 22:45,2106.170000,1,-17.880000,-0.8489,26.790000,-21.070000,-819.720000
171,Exit long,2026-04-02 01:15,2110.800000,1,1.290000,0.0612,1.290000,-5.690000,-801.840000
171,Entry long,2026-04-02 01:15,2109.510000,1,1.290000,0.0612,1.290000,-5.690000,-801.840000
170,Exit long,2026-04-01 02:00,2091.710000,1,72.350000,3.5828,105.150000,-8.110000,-803.130000
170,Entry long,2026-03-31 09:45,2019.360000,1,72.350000,3.5828,105.150000,-8.110000,-803.130000
169,Exit long,2026-03-30 17:15,2040.260000,1,83.710000,4.2784,130.440000,-20.010000,-875.480000
169,Entry long,2026-03-29 22:45,1956.550000,1,83.710000,4.2784,130.440000,-20.010000,-875.480000
168,Exit long,2026-03-28 02:30,1985.200000,1,-40.130000,-1.9814,0.000000,-59.130000,-959.190000
168,Entry long,2026-03-27 10:30,2025.330000,1,-40.130000,-1.9814,0.000000,-59.130000,-959.190000
167,Exit long,2026-03-26 23:45,2059.170000,1,-70.650000,-3.3172,0.000000,-96.600000,-919.060000
167,Entry long,2026-03-26 05:30,2129.820000,1,-70.650000,-3.3172,0.000000,-96.600000,-919.060000
166,Exit long,2026-03-25 14:45,2173.130000,1,56.600000,2.6742,83.580000,-14.530000,-848.410000
166,Entry long,2026-03-24 17:00,2116.530000,1,56.600000,2.6742,83.580000,-14.530000,-848.410000
165,Exit long,2026-03-23 23:00,2145.210000,1,121.790000,6.0190,175.580000,-1.840000,-905.010000
165,Entry long,2026-03-23 07:00,2023.420000,1,121.790000,6.0190,175.580000,-1.840000,-905.010000
164,Exit long,2026-03-22 06:30,2110.850000,1,-0.530000,-0.0251,15.000000,-65.810000,-1026.800000
164,Entry long,2026-03-21 23:45,2111.380000,1,-0.530000,-0.0251,15.000000,-65.810000,-1026.800000
163,Exit long,2026-03-20 05:45,2139.330000,1,-15.310000,-0.7106,37.350000,-56.620000,-1026.270000
163,Entry long,2026-03-19 07:15,2154.640000,1,-15.310000,-0.7106,37.350000,-56.620000,-1026.270000
162,Exit long,2026-03-19 01:00,2190.020000,1,-93.770000,-4.1059,0.000000,-133.090000,-1010.960000
162,Entry long,2026-03-18 11:30,2283.790000,1,-93.770000,-4.1059,0.000000,-133.090000,-1010.960000
161,Exit long,2026-03-11 05:30,2016.230000,1,-10.170000,-0.5019,21.600000,-16.400000,-917.190000
161,Entry long,2026-03-10 19:30,2026.400000,1,-10.170000,-0.5019,21.600000,-16.400000,-917.190000
160,Exit long,2026-03-09 22:30,2010.100000,1,1.810000,0.0901,1.810000,-2.130000,-907.020000
160,Entry long,2026-03-09 22:30,2008.290000,1,1.810000,0.0901,1.810000,-2.130000,-907.020000
159,Exit long,2026-03-08 22:15,1928.070000,1,9.180000,0.4784,14.770000,-12.260000,-908.830000
159,Entry long,2026-03-08 22:00,1918.890000,1,9.180000,0.4784,14.770000,-12.260000,-908.830000
158,Exit long,2026-03-08 11:45,1950.290000,1,17.030000,0.8809,45.770000,-5.680000,-918.010000
158,Entry long,2026-03-08 04:45,1933.260000,1,17.030000,0.8809,45.770000,-5.680000,-918.010000
157,Exit long,2026-03-06 23:30,1981.050000,1,-60.500000,-2.9634,20.450000,-87.300000,-935.040000
157,Entry long,2026-03-06 12:00,2041.550000,1,-60.500000,-2.9634,20.450000,-87.300000,-935.040000
156,Exit long,2026-03-05 13:30,2117.870000,1,24.320000,1.1617,69.450000,-1.120000,-874.540000
156,Entry long,2026-03-05 08:00,2093.550000,1,24.320000,1.1617,69.450000,-1.120000,-874.540000
155,Exit long,2026-03-04 22:45,2130.970000,1,181.760000,9.3248,250.260000,-5.810000,-898.860000
155,Entry long,2026-03-04 03:30,1949.210000,1,181.760000,9.3248,250.260000,-5.810000,-898.860000
154,Exit long,2026-03-03 00:00,2026.340000,1,105.770000,5.5072,168.430000,-4.570000,-1080.620000
154,Entry long,2026-03-02 08:00,1920.570000,1,105.770000,5.5072,168.430000,-4.570000,-1080.620000
153,Exit long,2026-03-01 17:00,1969.890000,1,-4.810000,-0.2436,0.500000,-16.620000,-1186.390000
153,Entry long,2026-03-01 16:45,1974.700000,1,-4.810000,-0.2436,0.500000,-16.620000,-1186.390000
152,Exit long,2026-03-01 07:15,1998.940000,1,108.870000,5.7601,164.600000,-56.010000,-1181.580000
152,Entry long,2026-02-28 06:15,1890.070000,1,108.870000,5.7601,164.600000,-56.010000,-1181.580000
151,Exit long,2026-02-28 01:45,1923.380000,1,-71.180000,-3.5687,3.880000,-109.560000,-1290.450000
151,Entry long,2026-02-27 10:00,1994.560000,1,-71.180000,-3.5687,3.880000,-109.560000,-1290.450000
150,Exit long,2026-02-27 00:30,2012.950000,1,-10.460000,-0.5169,19.190000,-49.920000,-1219.270000
150,Entry long,2026-02-26 15:15,2023.410000,1,-10.460000,-0.5169,19.190000,-49.920000,-1219.270000
149,Exit long,2026-02-25 00:15,1846.190000,1,-0.250000,-0.0135,27.140000,-50.440000,-1208.810000
149,Entry long,2026-02-23 17:30,1846.440000,1,-0.250000,-0.0135,27.140000,-50.440000,-1208.810000
148,Exit long,2026-02-23 00:45,1928.140000,1,-9.440000,-0.4872,22.420000,-10.580000,-1208.560000
148,Entry long,2026-02-22 17:30,1937.580000,1,-9.440000,-0.4872,22.420000,-10.580000,-1208.560000
147,Exit long,2026-02-19 09:45,1962.940000,1,6.020000,0.3076,52.880000,-35.280000,-1199.120000
147,Entry long,2026-02-18 14:45,1956.920000,1,6.020000,0.3076,52.880000,-35.280000,-1199.120000
146,Exit long,2026-02-17 14:45,1947.550000,1,4.040000,0.2079,4.040000,-1.080000,-1205.140000
146,Entry long,2026-02-17 14:45,1943.510000,1,4.040000,0.2079,4.040000,-1.080000,-1205.140000
145,Exit long,2026-02-15 08:45,2068.000000,1,25.680000,1.2574,60.410000,-7.970000,-1209.180000
145,Entry long,2026-02-15 02:30,2042.320000,1,25.680000,1.2574,60.410000,-7.970000,-1209.180000
144,Exit long,2026-02-13 05:45,1932.990000,1,-2.790000,-0.1441,22.160000,-42.010000,-1234.860000
144,Entry long,2026-02-12 16:00,1935.780000,1,-2.790000,-0.1441,22.160000,-42.010000,-1234.860000
143,Exit long,2026-02-11 15:00,1916.890000,1,-62.240000,-3.1448,36.300000,-77.910000,-1232.070000
143,Entry long,2026-02-11 04:15,1979.130000,1,-62.240000,-3.1448,36.300000,-77.910000,-1232.070000
142,Exit long,2026-02-10 18:30,2008.990000,1,-68.500000,-3.2972,0.000000,-93.720000,-1169.830000
142,Entry long,2026-02-10 03:15,2077.490000,1,-68.500000,-3.2972,0.000000,-93.720000,-1169.830000
141,Exit long,2026-02-10 00:15,2103.120000,1,53.550000,2.6127,98.430000,-41.570000,-1101.330000
141,Entry long,2026-02-09 08:15,2049.570000,1,53.550000,2.6127,98.430000,-41.570000,-1101.330000
140,Exit long,2026-02-09 05:00,2082.990000,1,6.900000,0.3324,30.150000,-23.170000,-1154.880000
140,Entry long,2026-02-08 23:30,2076.090000,1,6.900000,0.3324,30.150000,-23.170000,-1154.880000
139,Exit long,2026-02-07 07:00,2013.930000,1,-5.540000,-0.2743,0.000000,-7.530000,-1161.780000
139,Entry long,2026-02-07 07:00,2019.470000,1,-5.540000,-0.2743,0.000000,-7.530000,-1161.780000
138,Exit long,2026-02-06 08:00,1900.970000,1,8.800000,0.4651,82.660000,-13.570000,-1156.240000
138,Entry long,2026-02-06 02:15,1892.170000,1,8.800000,0.4651,82.660000,-13.570000,-1156.240000
137,Exit long,2026-02-05 11:00,2086.210000,1,-25.770000,-1.2202,51.120000,-50.760000,-1165.040000
137,Entry long,2026-02-05 02:15,2111.980000,1,-25.770000,-1.2202,51.120000,-50.760000,-1165.040000
136,Exit long,2026-02-04 21:15,2142.410000,1,-84.360000,-3.7884,41.020000,-153.090000,-1139.270000
136,Entry long,2026-02-04 11:00,2226.770000,1,-84.360000,-3.7884,41.020000,-153.090000,-1139.270000
135,Exit long,2026-02-03 23:45,2232.230000,1,-20.720000,-0.9197,23.070000,-41.950000,-1054.910000
135,Entry long,2026-02-03 22:15,2252.950000,1,-20.720000,-0.9197,23.070000,-41.950000,-1054.910000
134,Exit long,2026-02-03 14:45,2255.660000,1,-9.170000,-0.4049,0.000000,-10.830000,-1034.190000
134,Entry long,2026-02-03 14:45,2264.830000,1,-9.170000,-0.4049,0.000000,-10.830000,-1034.190000
133,Exit long,2026-02-03 05:15,2328.310000,1,24.840000,1.0784,50.930000,-21.460000,-1025.020000
133,Entry long,2026-02-03 02:45,2303.470000,1,24.840000,1.0784,50.930000,-21.460000,-1025.020000
132,Exit long,2026-02-01 05:30,2426.040000,1,-228.680000,-8.6141,7.880000,-452.320000,-1049.860000
132,Entry long,2026-01-31 08:15,2654.720000,1,-228.680000,-8.6141,7.880000,-452.320000,-1049.860000
131,Exit long,2026-01-30 20:15,2681.400000,1,-21.160000,-0.7830,57.440000,-67.930000,-821.180000
131,Entry long,2026-01-30 15:30,2702.560000,1,-21.160000,-0.7830,57.440000,-67.930000,-821.180000
130,Exit long,2026-01-30 00:15,2806.090000,1,-154.340000,-5.2134,11.000000,-207.930000,-800.020000
130,Entry long,2026-01-29 02:30,2960.430000,1,-154.340000,-5.2134,11.000000,-207.930000,-800.020000
129,Exit long,2026-01-26 17:15,2895.660000,1,11.520000,0.3994,65.860000,-99.990000,-645.680000
129,Entry long,2026-01-25 16:15,2884.140000,1,11.520000,0.3994,65.860000,-99.990000,-645.680000
128,Exit long,2026-01-23 20:30,2936.500000,1,44.320000,1.5324,128.270000,-1.980000,-657.200000
128,Entry long,2026-01-23 14:30,2892.180000,1,44.320000,1.5324,128.270000,-1.980000,-657.200000
127,Exit long,2026-01-22 07:15,3009.070000,1,37.320000,1.2558,65.740000,-1.100000,-701.520000
127,Entry long,2026-01-21 23:45,2971.750000,1,37.320000,1.2558,65.740000,-1.100000,-701.520000
126,Exit long,2026-01-21 16:30,2887.310000,1,-28.500000,-0.9774,0.000000,-29.810000,-738.840000
126,Entry long,2026-01-21 16:30,2915.810000,1,-28.500000,-0.9774,0.000000,-29.810000,-738.840000
125,Exit long,2026-01-21 07:45,2969.010000,1,-186.000000,-5.8954,18.990000,-245.010000,-710.340000
125,Entry long,2026-01-20 05:00,3155.010000,1,-186.000000,-5.8954,18.990000,-245.010000,-710.340000
124,Exit long,2026-01-19 14:15,3207.990000,1,-39.650000,-1.2209,0.000000,-72.640000,-524.340000
124,Entry long,2026-01-19 00:00,3247.640000,1,-39.650000,-1.2209,0.000000,-72.640000,-524.340000
123,Exit long,2026-01-15 15:15,3331.080000,1,50.520000,1.5400,102.510000,-5.200000,-484.690000
123,Entry long,2026-01-15 03:30,3280.560000,1,50.520000,1.5400,102.510000,-5.200000,-484.690000
122,Exit long,2026-01-12 17:45,3103.450000,1,39.380000,1.2852,81.860000,-2.720000,-535.210000
122,Entry long,2026-01-12 14:15,3064.070000,1,39.380000,1.2852,81.860000,-2.720000,-535.210000
121,Exit long,2026-01-08 03:30,3138.960000,1,-68.950000,-2.1494,20.090000,-84.900000,-574.590000
121,Entry long,2026-01-07 09:30,3207.910000,1,-68.950000,-2.1494,20.090000,-84.900000,-574.590000
120,Exit long,2025-12-26 14:45,2916.380000,1,-4.010000,-0.1373,0.000000,-12.250000,-505.640000
120,Entry long,2025-12-26 14:45,2920.390000,1,-4.010000,-0.1373,0.000000,-12.250000,-505.640000
119,Exit long,2025-12-23 02:45,2990.020000,1,-0.170000,-0.0057,44.810000,-29.190000,-501.630000
119,Entry long,2025-12-22 19:15,2990.190000,1,-0.170000,-0.0057,44.810000,-29.190000,-501.630000
118,Exit long,2025-12-19 17:45,2938.230000,1,157.790000,5.6750,237.550000,-7.470000,-501.460000
118,Entry long,2025-12-18 19:45,2780.440000,1,157.790000,5.6750,237.550000,-7.470000,-501.460000
117,Exit long,2025-12-17 16:00,2876.270000,1,-8.100000,-0.2808,145.630000,-8.270000,-659.250000
117,Entry long,2025-12-17 14:45,2884.370000,1,-8.100000,-0.2808,145.630000,-8.270000,-659.250000
116,Exit long,2025-12-16 17:15,2930.010000,1,34.950000,1.2072,79.640000,-9.600000,-651.150000
116,Entry long,2025-12-16 14:00,2895.060000,1,34.950000,1.2072,79.640000,-9.600000,-651.150000
115,Exit long,2025-12-16 01:00,2954.220000,1,-89.180000,-2.9303,16.590000,-152.890000,-686.100000
115,Entry long,2025-12-15 14:45,3043.400000,1,-89.180000,-2.9303,16.590000,-152.890000,-686.100000
114,Exit long,2025-12-14 20:45,3081.220000,1,27.920000,0.9144,53.960000,-4.980000,-596.920000
114,Entry long,2025-12-14 11:45,3053.300000,1,27.920000,0.9144,53.960000,-4.980000,-596.920000
113,Exit long,2025-12-13 06:00,3085.910000,1,-100.180000,-3.1443,0.000000,-144.990000,-624.840000
113,Entry long,2025-12-12 15:15,3186.090000,1,-100.180000,-3.1443,0.000000,-144.990000,-624.840000
112,Exit long,2025-12-12 00:45,3187.610000,1,-78.040000,-2.3897,13.020000,-122.730000,-524.660000
112,Entry long,2025-12-11 00:45,3265.650000,1,-78.040000,-2.3897,13.020000,-122.730000,-524.660000
111,Exit long,2025-12-09 00:45,3118.340000,1,31.820000,1.0309,65.480000,-20.350000,-446.620000
111,Entry long,2025-12-08 18:45,3086.520000,1,31.820000,1.0309,65.480000,-20.350000,-446.620000
110,Exit long,2025-12-07 22:15,3044.000000,1,64.090000,2.1507,170.090000,-76.160000,-478.440000
110,Entry long,2025-12-07 14:15,2979.910000,1,64.090000,2.1507,170.090000,-76.160000,-478.440000
109,Exit long,2025-12-06 07:45,3024.980000,1,-63.100000,-2.0433,68.920000,-110.080000,-542.530000
109,Entry long,2025-12-05 13:30,3088.080000,1,-63.100000,-2.0433,68.920000,-110.080000,-542.530000
108,Exit long,2025-12-04 17:00,3169.300000,1,26.780000,0.8522,85.140000,-4.370000,-479.430000
108,Entry long,2025-12-04 14:45,3142.520000,1,26.780000,0.8522,85.140000,-4.370000,-479.430000
107,Exit long,2025-12-02 08:15,2787.380000,1,1.950000,0.0700,40.140000,-67.360000,-506.210000
107,Entry long,2025-12-01 15:15,2785.430000,1,1.950000,0.0700,40.140000,-67.360000,-506.210000
106,Exit long,2025-12-01 11:00,2836.000000,1,-104.280000,-3.5466,0.000000,-134.730000,-508.160000
106,Entry long,2025-12-01 00:00,2940.280000,1,-104.280000,-3.5466,0.000000,-134.730000,-508.160000
105,Exit long,2025-11-25 19:30,2906.570000,1,45.440000,1.5882,95.870000,-6.130000,-403.880000
105,Entry long,2025-11-25 14:45,2861.130000,1,45.440000,1.5882,95.870000,-6.130000,-403.880000
104,Exit long,2025-11-24 07:45,2828.770000,1,63.690000,2.3034,119.720000,-3.700000,-449.320000
104,Entry long,2025-11-24 00:15,2765.080000,1,63.690000,2.3034,119.720000,-3.700000,-449.320000
103,Exit long,2025-11-22 21:00,2738.700000,1,29.240000,1.0792,48.540000,-6.590000,-513.010000
103,Entry long,2025-11-22 10:15,2709.460000,1,29.240000,1.0792,48.540000,-6.590000,-513.010000
102,Exit long,2025-11-22 02:45,2751.900000,1,37.660000,1.3875,69.100000,-2.710000,-542.250000
102,Entry long,2025-11-21 23:00,2714.240000,1,37.660000,1.3875,69.100000,-2.710000,-542.250000
101,Exit long,2025-11-21 15:45,2703.700000,1,1.360000,0.0503,19.810000,-16.580000,-579.910000
101,Entry long,2025-11-21 15:30,2702.340000,1,1.360000,0.0503,19.810000,-16.580000,-579.910000
100,Exit long,2025-11-20 23:30,2848.170000,1,-126.120000,-4.2403,47.030000,-186.280000,-581.270000
100,Entry long,2025-11-20 14:00,2974.290000,1,-126.120000,-4.2403,47.030000,-186.280000,-581.270000
99,Exit long,2025-11-20 09:15,3012.770000,1,-22.640000,-0.7459,69.550000,-162.410000,-455.150000
99,Entry long,2025-11-19 14:15,3035.410000,1,-22.640000,-0.7459,69.550000,-162.410000,-455.150000
98,Exit long,2025-11-17 13:00,3164.080000,1,26.090000,0.8314,85.230000,-136.980000,-432.510000
98,Entry long,2025-11-16 13:45,3137.990000,1,26.090000,0.8314,85.230000,-136.980000,-432.510000
97,Exit long,2025-11-14 20:30,3128.950000,1,-10.480000,-0.3338,116.520000,-71.430000,-458.600000
97,Entry long,2025-11-14 11:30,3139.430000,1,-10.480000,-0.3338,116.520000,-71.430000,-458.600000
96,Exit long,2025-11-14 04:00,3211.990000,1,-227.220000,-6.6067,42.050000,-286.720000,-448.120000
96,Entry long,2025-11-13 13:30,3439.210000,1,-227.220000,-6.6067,42.050000,-286.720000,-448.120000
95,Exit long,2025-11-13 10:45,3504.130000,1,115.300000,3.4024,176.170000,-18.830000,-220.900000
95,Entry long,2025-11-12 16:00,3388.830000,1,115.300000,3.4024,176.170000,-18.830000,-220.900000
94,Exit long,2025-11-12 02:30,3423.070000,1,-80.590000,-2.3002,24.600000,-100.640000,-336.200000
94,Entry long,2025-11-11 14:45,3503.660000,1,-80.590000,-2.3002,24.600000,-100.640000,-336.200000
93,Exit long,2025-11-10 21:30,3539.000000,1,-2.630000,-0.0743,41.060000,-36.080000,-255.610000
93,Entry long,2025-11-10 14:45,3541.630000,1,-2.630000,-0.0743,41.060000,-36.080000,-255.610000
92,Exit long,2025-11-09 00:15,3375.010000,1,-8.340000,-0.2465,30.980000,-30.040000,-252.980000
92,Entry long,2025-11-08 14:00,3383.350000,1,-8.340000,-0.2465,30.980000,-30.040000,-252.980000
91,Exit long,2025-11-08 06:00,3419.630000,1,159.240000,4.8841,229.610000,-67.470000,-244.640000
91,Entry long,2025-11-07 11:00,3260.390000,1,159.240000,4.8841,229.610000,-67.470000,-244.640000
90,Exit long,2025-11-06 12:00,3387.410000,1,25.240000,0.7507,52.130000,-4.230000,-403.880000
90,Entry long,2025-11-06 07:15,3362.170000,1,25.240000,0.7507,52.130000,-4.230000,-403.880000
89,Exit long,2025-11-04 16:15,3475.560000,1,-79.650000,-2.2404,30.910000,-100.290000,-429.120000
89,Entry long,2025-11-04 05:30,3555.210000,1,-79.650000,-2.2404,30.910000,-100.290000,-429.120000
88,Exit long,2025-11-03 15:15,3634.600000,1,-167.420000,-4.4034,8.820000,-179.380000,-349.470000
88,Entry long,2025-11-03 02:30,3802.020000,1,-167.420000,-4.4034,8.820000,-179.380000,-349.470000
87,Exit long,2025-10-30 09:30,3895.000000,1,30.080000,0.7783,78.080000,-28.100000,-182.050000
87,Entry long,2025-10-30 04:15,3864.920000,1,30.080000,0.7783,78.080000,-28.100000,-182.050000
86,Exit long,2025-10-29 18:30,3861.090000,1,-67.690000,-1.7229,88.330000,-92.780000,-212.130000
86,Entry long,2025-10-29 16:00,3928.780000,1,-67.690000,-1.7229,88.330000,-92.780000,-212.130000
85,Exit long,2025-10-29 09:00,3992.480000,1,-62.940000,-1.5520,18.580000,-130.410000,-144.440000
85,Entry long,2025-10-28 19:15,4055.420000,1,-62.940000,-1.5520,18.580000,-130.410000,-144.440000
84,Exit long,2025-10-28 12:15,4102.300000,1,1.030000,0.0251,41.330000,-36.980000,-81.500000
84,Entry long,2025-10-27 21:15,4101.270000,1,1.030000,0.0251,41.330000,-36.980000,-81.500000
83,Exit long,2025-10-22 14:15,3810.500000,1,16.620000,0.4381,16.620000,-11.880000,-82.530000
83,Entry long,2025-10-22 14:15,3793.880000,1,16.620000,0.4381,16.620000,-11.880000,-82.530000
82,Exit long,2025-10-22 13:30,3840.000000,1,-6.970000,-0.1812,35.960000,-81.970000,-99.150000
82,Entry long,2025-10-22 00:30,3846.970000,1,-6.970000,-0.1812,35.960000,-81.970000,-99.150000
81,Exit long,2025-10-20 23:45,3977.540000,1,32.180000,0.8156,56.600000,-25.060000,-92.180000
81,Entry long,2025-10-20 16:00,3945.360000,1,32.180000,0.8156,56.600000,-25.060000,-92.180000
80,Exit long,2025-10-20 00:00,3954.850000,1,135.160000,3.5385,210.310000,-9.690000,-124.360000
80,Entry long,2025-10-19 08:15,3819.690000,1,135.160000,3.5385,210.310000,-9.690000,-124.360000
79,Exit long,2025-10-17 05:45,3893.910000,1,-53.780000,-1.3623,18.600000,-125.190000,-259.520000
79,Entry long,2025-10-16 15:30,3947.690000,1,-53.780000,-1.3623,18.600000,-125.190000,-259.520000
78,Exit long,2025-10-16 08:15,3993.940000,1,-40.360000,-1.0004,69.280000,-109.300000,-205.740000
78,Entry long,2025-10-15 13:45,4034.300000,1,-40.360000,-1.0004,69.280000,-109.300000,-205.740000
77,Exit long,2025-10-14 01:00,4215.590000,1,145.650000,3.5787,223.090000,-35.820000,-165.380000
77,Entry long,2025-10-13 11:15,4069.940000,1,145.650000,3.5787,223.090000,-35.820000,-165.380000
76,Exit long,2025-10-12 13:45,3808.150000,1,44.240000,1.1754,102.150000,-123.910000,-311.030000
76,Entry long,2025-10-11 19:15,3763.910000,1,44.240000,1.1754,102.150000,-123.910000,-311.030000
75,Exit long,2025-10-11 14:15,3801.870000,1,-457.620000,-10.7435,6.280000,-859.490000,-355.270000
75,Entry long,2025-10-10 15:00,4259.490000,1,-457.620000,-10.7435,6.280000,-859.490000,-355.270000
74,Exit long,2025-10-09 13:45,4349.350000,1,-72.200000,-1.6329,37.280000,-104.960000,102.350000
74,Entry long,2025-10-09 02:30,4421.550000,1,-72.200000,-1.6329,37.280000,-104.960000,102.350000
73,Exit long,2025-10-08 13:30,4454.510000,1,-141.610000,-3.0811,8.530000,-187.430000,174.550000
73,Entry long,2025-10-07 14:45,4596.120000,1,-141.610000,-3.0811,8.530000,-187.430000,174.550000
72,Exit long,2025-09-26 06:45,3919.000000,1,-183.290000,-4.4680,34.710000,-280.290000,316.160000
72,Entry long,2025-09-25 01:15,4102.290000,1,-183.290000,-4.4680,34.710000,-280.290000,316.160000
71,Exit long,2025-09-24 13:45,4148.500000,1,48.710000,1.1881,97.270000,-29.790000,499.450000
71,Entry long,2025-09-24 04:00,4099.790000,1,48.710000,1.1881,97.270000,-29.790000,499.450000
70,Exit long,2025-09-22 15:00,4172.210000,1,-207.220000,-4.7317,0.000000,-378.550000,450.740000
70,Entry long,2025-09-22 00:30,4379.430000,1,-207.220000,-4.7317,0.000000,-378.550000,450.740000
69,Exit long,2025-09-19 14:30,4521.300000,1,5.970000,0.1322,26.670000,-10.100000,657.960000
69,Entry long,2025-09-19 09:45,4515.330000,1,5.970000,0.1322,26.670000,-10.100000,657.960000
68,Exit long,2025-09-18 06:00,4561.380000,1,134.720000,3.0434,215.940000,-22.580000,651.990000
68,Entry long,2025-09-17 17:45,4426.660000,1,134.720000,3.0434,215.940000,-22.580000,651.990000
67,Exit long,2025-09-17 04:15,4485.900000,1,50.360000,1.1354,115.950000,-14.530000,517.270000
67,Entry long,2025-09-16 13:45,4435.540000,1,50.360000,1.1354,115.950000,-14.530000,517.270000
66,Exit long,2025-09-16 04:15,4512.350000,1,-11.230000,-0.2483,16.560000,-60.580000,466.910000
66,Entry long,2025-09-15 08:45,4523.580000,1,-11.230000,-0.2483,16.560000,-60.580000,466.910000
65,Exit long,2025-09-14 23:30,4604.000000,1,22.770000,0.4970,53.770000,-6.230000,478.140000
65,Entry long,2025-09-14 14:30,4581.230000,1,22.770000,0.4970,53.770000,-6.230000,478.140000
64,Exit long,2025-09-14 04:15,4656.740000,1,28.700000,0.6201,63.260000,-25.040000,455.370000
64,Entry long,2025-09-13 16:00,4628.040000,1,28.700000,0.6201,63.260000,-25.040000,455.370000
63,Exit long,2025-09-07 06:45,4281.940000,1,59.430000,1.4075,81.490000,-2.510000,426.670000
63,Entry long,2025-09-06 16:15,4222.510000,1,59.430000,1.4075,81.490000,-2.510000,426.670000
62,Exit long,2025-09-04 13:45,4375.990000,1,-5.880000,-0.1342,50.130000,-28.510000,367.240000
62,Entry long,2025-09-04 05:00,4381.870000,1,-5.880000,-0.1342,50.130000,-28.510000,367.240000
61,Exit long,2025-09-01 11:00,4400.580000,1,17.530000,0.3999,106.950000,-26.440000,373.120000
61,Entry long,2025-08-31 23:30,4383.050000,1,17.530000,0.3999,106.950000,-26.440000,373.120000
60,Exit long,2025-08-30 12:30,4354.180000,1,67.450000,1.5735,127.720000,-31.760000,355.590000
60,Entry long,2025-08-30 01:45,4286.730000,1,67.450000,1.5735,127.720000,-31.760000,355.590000
59,Exit long,2025-08-29 13:30,4345.520000,1,-48.630000,-1.1067,62.090000,-77.950000,288.140000
59,Entry long,2025-08-29 07:00,4394.150000,1,-48.630000,-1.1067,62.090000,-77.950000,288.140000
58,Exit long,2025-08-28 14:00,4580.290000,1,77.600000,1.7234,130.430000,-37.690000,336.770000
58,Entry long,2025-08-27 22:00,4502.690000,1,77.600000,1.7234,130.430000,-37.690000,336.770000
57,Exit long,2025-08-25 16:45,4593.780000,1,-77.980000,-1.6692,102.240000,-153.760000,259.170000
57,Entry long,2025-08-25 00:30,4671.760000,1,-77.980000,-1.6692,102.240000,-153.760000,259.170000
56,Exit long,2025-08-21 23:15,4236.750000,1,9.240000,0.2186,45.660000,-25.510000,337.150000
56,Entry long,2025-08-21 15:15,4227.510000,1,9.240000,0.2186,45.660000,-25.510000,337.150000
55,Exit long,2025-08-21 01:00,4310.770000,1,191.560000,4.6504,256.920000,-14.880000,327.910000
55,Entry long,2025-08-20 14:00,4119.210000,1,191.560000,4.6504,256.920000,-14.880000,327.910000
54,Exit long,2025-08-20 12:15,4187.440000,1,-5.180000,-0.1236,47.380000,-132.620000,136.350000
54,Entry long,2025-08-19 14:30,4192.620000,1,-5.180000,-0.1236,47.380000,-132.620000,136.350000
53,Exit long,2025-08-18 23:30,4312.090000,1,-126.270000,-2.8450,28.900000,-214.260000,141.530000
53,Entry long,2025-08-18 00:30,4438.360000,1,-126.270000,-2.8450,28.900000,-214.260000,141.530000
52,Exit long,2025-08-15 12:15,4612.260000,1,-50.820000,-1.0898,40.190000,-212.080000,267.800000
52,Entry long,2025-08-14 12:30,4663.080000,1,-50.820000,-1.0898,40.190000,-212.080000,267.800000
51,Exit long,2025-08-12 10:00,4280.250000,1,77.320000,1.8397,129.810000,-17.330000,318.620000
51,Entry long,2025-08-11 21:30,4202.930000,1,77.320000,1.8397,129.810000,-17.330000,318.620000
50,Exit long,2025-08-06 01:15,3566.990000,1,-32.230000,-0.8955,24.760000,-56.640000,241.300000
50,Entry long,2025-08-05 14:15,3599.220000,1,-32.230000,-0.8955,24.760000,-56.640000,241.300000
49,Exit long,2025-08-03 15:00,3463.010000,1,26.220000,0.7629,77.210000,-83.280000,273.530000
49,Entry long,2025-08-02 16:30,3436.790000,1,26.220000,0.7629,77.210000,-83.280000,273.530000
48,Exit long,2025-08-01 13:45,3598.230000,1,-113.120000,-3.0479,18.000000,-136.350000,247.310000
48,Entry long,2025-07-31 21:45,3711.350000,1,-113.120000,-3.0479,18.000000,-136.350000,247.310000
47,Exit long,2025-07-30 18:45,3736.400000,1,-4.990000,-0.1334,0.000000,-6.940000,360.430000
47,Entry long,2025-07-30 18:45,3741.390000,1,-4.990000,-0.1334,0.000000,-6.940000,360.430000
46,Exit long,2025-07-30 09:15,3794.580000,1,17.110000,0.4529,55.140000,-65.230000,365.420000
46,Entry long,2025-07-29 14:45,3777.470000,1,17.110000,0.4529,55.140000,-65.230000,365.420000
45,Exit long,2025-07-29 00:30,3753.160000,1,-24.190000,-0.6404,44.610000,-43.350000,348.310000
45,Entry long,2025-07-28 14:15,3777.350000,1,-24.190000,-0.6404,44.610000,-43.350000,348.310000
44,Exit long,2025-07-24 05:00,3581.100000,1,-50.670000,-1.3952,33.100000,-105.270000,372.500000
44,Entry long,2025-07-23 13:00,3631.770000,1,-50.670000,-1.3952,33.100000,-105.270000,372.500000
43,Exit long,2025-07-22 02:45,3736.010000,1,37.490000,1.0136,100.060000,-5.300000,423.170000
43,Entry long,2025-07-22 01:15,3698.520000,1,37.490000,1.0136,100.060000,-5.300000,423.170000
42,Exit long,2025-07-21 16:15,3773.490000,1,79.960000,2.1649,164.290000,-13.530000,385.680000
42,Entry long,2025-07-20 22:15,3693.530000,1,79.960000,2.1649,164.290000,-13.530000,385.680000
41,Exit long,2025-07-18 14:30,3577.040000,1,10.620000,0.2978,10.620000,-10.950000,305.720000
41,Entry long,2025-07-18 14:30,3566.420000,1,10.620000,0.2978,10.620000,-10.950000,305.720000
40,Exit long,2025-07-15 10:00,2971.450000,1,21.950000,0.7442,44.840000,-18.510000,295.100000
40,Entry long,2025-07-15 03:00,2949.500000,1,21.950000,0.7442,44.840000,-18.510000,295.100000
39,Exit long,2025-07-12 20:15,2932.790000,1,22.190000,0.7624,34.260000,-7.800000,273.150000
39,Entry long,2025-07-12 15:30,2910.600000,1,22.190000,0.7624,34.260000,-7.800000,273.150000
38,Exit long,2025-07-12 04:45,2949.980000,1,16.630000,0.5669,36.610000,-11.370000,250.960000
38,Entry long,2025-07-11 22:15,2933.350000,1,16.630000,0.5669,36.610000,-11.370000,250.960000
37,Exit long,2025-07-07 20:30,2534.660000,1,8.930000,0.3536,31.270000,-20.360000,234.330000
37,Entry long,2025-07-07 16:15,2525.730000,1,8.930000,0.3536,31.270000,-20.360000,234.330000
36,Exit long,2025-07-04 02:00,2588.050000,1,19.350000,0.7533,34.060000,-4.950000,225.400000
36,Entry long,2025-07-03 15:30,2568.700000,1,19.350000,0.7533,34.060000,-4.950000,225.400000
35,Exit long,2025-07-02 12:30,2432.570000,1,-10.970000,-0.4489,16.460000,-76.010000,206.050000
35,Entry long,2025-07-01 11:45,2443.540000,1,-10.970000,-0.4489,16.460000,-76.010000,206.050000
34,Exit long,2025-06-26 21:30,2409.000000,1,15.270000,0.6379,15.270000,-1.610000,217.020000
34,Entry long,2025-06-26 21:30,2393.730000,1,15.270000,0.6379,15.270000,-1.610000,217.020000
33,Exit long,2025-06-24 08:00,2385.490000,1,171.770000,7.7593,226.280000,-26.710000,201.750000
33,Entry long,2025-06-23 16:15,2213.720000,1,171.770000,7.7593,226.280000,-26.710000,201.750000
32,Exit long,2025-06-22 13:15,2194.810000,1,-48.860000,-2.1777,42.970000,-84.390000,29.980000
32,Entry long,2025-06-22 09:45,2243.670000,1,-48.860000,-2.1777,42.970000,-84.390000,29.980000
31,Exit long,2025-06-21 13:45,2419.330000,1,-51.150000,-2.0704,0.000000,-106.600000,78.840000
31,Entry long,2025-06-20 17:15,2470.480000,1,-51.150000,-2.0704,0.000000,-106.600000,78.840000
30,Exit long,2025-06-18 15:00,2499.480000,1,33.150000,1.3441,71.660000,-1.330000,129.990000
30,Entry long,2025-06-18 13:30,2466.330000,1,33.150000,1.3441,71.660000,-1.330000,129.990000
29,Exit long,2025-06-17 22:45,2493.450000,1,-59.730000,-2.3394,14.210000,-101.210000,96.840000
29,Entry long,2025-06-17 10:30,2553.180000,1,-59.730000,-2.3394,14.210000,-101.210000,96.840000
28,Exit long,2025-06-15 07:30,2525.010000,1,30.390000,1.2182,57.610000,-7.940000,156.570000
28,Entry long,2025-06-14 16:45,2494.620000,1,30.390000,1.2182,57.610000,-7.940000,156.570000
27,Exit long,2025-06-13 09:00,2515.910000,1,-187.890000,-6.9491,0.000000,-270.000000,126.180000
27,Entry long,2025-06-12 19:45,2703.800000,1,-187.890000,-6.9491,0.000000,-270.000000,126.180000
26,Exit long,2025-06-12 15:45,2718.250000,1,-38.710000,-1.4041,26.940000,-46.180000,314.070000
26,Entry long,2025-06-11 22:15,2756.960000,1,-38.710000,-1.4041,26.940000,-46.180000,314.070000
25,Exit long,2025-06-06 18:15,2489.010000,1,-83.440000,-3.2436,42.550000,-192.830000,352.780000
25,Entry long,2025-06-05 14:15,2572.450000,1,-83.440000,-3.2436,42.550000,-192.830000,352.780000
24,Exit long,2025-06-04 12:15,2618.950000,1,46.610000,1.8120,77.040000,-9.340000,436.220000
24,Entry long,2025-06-03 21:45,2572.340000,1,46.610000,1.8120,77.040000,-9.340000,436.220000
23,Exit long,2025-06-02 01:45,2525.000000,1,46.210000,1.8642,68.210000,-13.790000,389.610000
23,Entry long,2025-06-01 09:45,2478.790000,1,46.210000,1.8642,68.210000,-13.790000,389.610000
22,Exit long,2025-05-30 21:30,2568.090000,1,-13.310000,-0.5156,40.030000,-51.400000,343.400000
22,Entry long,2025-05-30 12:15,2581.400000,1,-13.310000,-0.5156,40.030000,-51.400000,343.400000
21,Exit long,2025-05-29 22:45,2643.670000,1,-36.700000,-1.3692,18.400000,-60.110000,356.710000
21,Entry long,2025-05-29 12:30,2680.370000,1,-36.700000,-1.3692,18.400000,-60.110000,356.710000
20,Exit long,2025-05-27 21:30,2661.690000,1,147.930000,5.8848,198.040000,-5.760000,393.410000
20,Entry long,2025-05-27 01:15,2513.760000,1,147.930000,5.8848,198.040000,-5.760000,393.410000
19,Exit long,2025-05-25 15:15,2487.970000,1,-22.150000,-0.8824,14.870000,-52.520000,245.480000
19,Entry long,2025-05-25 00:30,2510.120000,1,-22.150000,-0.8824,14.870000,-52.520000,245.480000
18,Exit long,2025-05-24 13:30,2551.470000,1,-53.220000,-2.0432,0.000000,-107.690000,267.630000
18,Entry long,2025-05-23 11:45,2604.690000,1,-53.220000,-2.0432,0.000000,-107.690000,267.630000
17,Exit long,2025-05-21 17:15,2476.710000,1,-19.250000,-0.7712,0.000000,-24.130000,320.850000
17,Entry long,2025-05-21 17:15,2495.960000,1,-19.250000,-0.7712,0.000000,-24.130000,320.850000
16,Exit long,2025-05-21 08:30,2542.290000,1,93.950000,3.8373,167.120000,-9.950000,340.100000
16,Entry long,2025-05-20 18:45,2448.340000,1,93.950000,3.8373,167.120000,-9.950000,340.100000
15,Exit long,2025-05-19 01:00,2429.890000,1,-17.150000,-0.7008,2.850000,-24.910000,246.150000
15,Entry long,2025-05-19 00:30,2447.040000,1,-17.150000,-0.7008,2.850000,-24.910000,246.150000
14,Exit long,2025-05-18 18:00,2472.680000,1,12.190000,0.4954,12.190000,-7.690000,263.300000
14,Entry long,2025-05-18 18:00,2460.490000,1,12.190000,0.4954,12.190000,-7.690000,263.300000
13,Exit long,2025-05-17 18:45,2465.940000,1,-38.160000,-1.5239,8.230000,-61.450000,251.110000
13,Entry long,2025-05-17 00:15,2504.100000,1,-38.160000,-1.5239,8.230000,-61.450000,251.110000
12,Exit long,2025-05-15 13:45,2530.480000,1,18.910000,0.7529,18.910000,-11.530000,289.270000
12,Entry long,2025-05-15 13:45,2511.570000,1,18.910000,0.7529,18.910000,-11.530000,289.270000
11,Exit long,2025-05-15 01:45,2576.810000,1,-41.840000,-1.5978,27.450000,-73.650000,270.360000
11,Entry long,2025-05-14 08:00,2618.650000,1,-41.840000,-1.5978,27.450000,-73.650000,270.360000
10,Exit long,2025-05-14 02:15,2638.030000,1,196.980000,8.0695,297.570000,-26.690000,312.200000
10,Entry long,2025-05-13 01:30,2441.050000,1,196.980000,8.0695,297.570000,-26.690000,312.200000
9,Exit long,2025-05-12 14:15,2509.200000,1,-12.130000,-0.4811,54.270000,-25.330000,115.220000
9,Entry long,2025-05-12 11:45,2521.330000,1,-12.130000,-0.4811,54.270000,-25.330000,115.220000
8,Exit long,2025-05-11 13:30,2487.910000,1,10.080000,0.4068,10.080000,-1.780000,127.350000
8,Entry long,2025-05-11 13:30,2477.830000,1,10.080000,0.4068,10.080000,-1.780000,127.350000
7,Exit long,2025-05-06 21:15,1766.250000,1,-8.610000,-0.4851,23.550000,-24.860000,117.270000
7,Entry long,2025-05-06 11:30,1774.860000,1,-8.610000,-0.4851,23.550000,-24.860000,117.270000
6,Exit long,2025-05-05 10:45,1803.930000,1,10.760000,0.6001,37.550000,-13.150000,125.880000
6,Entry long,2025-05-05 01:30,1793.170000,1,10.760000,0.6001,37.550000,-13.150000,125.880000
5,Exit long,2025-05-01 19:45,1842.120000,1,72.390000,4.0905,102.980000,-39.130000,115.120000
5,Entry long,2025-04-30 12:45,1769.730000,1,72.390000,4.0905,102.980000,-39.130000,115.120000
4,Exit long,2025-04-30 07:30,1796.850000,1,9.010000,0.5040,24.640000,-8.480000,42.730000
4,Entry long,2025-04-29 23:00,1787.840000,1,9.010000,0.5040,24.640000,-8.480000,42.730000
3,Exit long,2025-04-28 13:30,1794.160000,1,29.260000,1.6579,61.810000,-13.910000,33.720000
3,Entry long,2025-04-28 01:30,1764.900000,1,29.260000,1.6579,61.810000,-13.910000,33.720000
2,Exit long,2025-04-24 17:45,1754.470000,1,-6.650000,-0.3776,16.210000,-39.900000,4.460000
2,Entry long,2025-04-24 04:00,1761.120000,1,-6.650000,-0.3776,16.210000,-39.900000,4.460000
1,Exit long,2025-04-22 02:30,1571.770000,1,11.110000,0.7119,32.570000,-25.660000,11.110000
1,Entry long,2025-04-21 19:00,1560.660000,1,11.110000,0.7119,32.570000,-25.660000,11.110000
